T,W,SR,DSP,DRH,PanE
7.2,1.8,265,101.3,69,1.2
20.2,3,520.1,100.7,56,4.4
18.8,1.8,294.6,101.1,58,2.8
22.9,2.8,679.5,99.8,23,14.2
11.5,1.9,425,100.7,66,2.5
18.6,2.3,598.7,99.9,31,9.8
16.4,4.7,294.7,101.1,77,1.8
26.2,5,734.1,100.3,37,11.1
14.3,1.7,629.1,100.1,42,8.4
10.6,3.6,439,100.8,67,2.7
9.4,1.1,123,100.8,79,0.8
13,1.7,737.6,100,39,11.1
12.4,4.5,319,100.7,67,3
14.9,2.8,304.1,101.1,52,3.4
31.3,3.7,515.6,100.2,49,8
14.6,4.6,309.1,100.4,54,4
19.2,1.8,265.4,101,56,2.5
12.6,0.8,91.4,100.6,78,0.7
16.2,2.5,538.8,100.3,35,8.4
27.5,4.6,744.2,100.6,47,9.3
19.1,2.1,745.7,100.5,31,10.1
27.4,2.6,758.7,100,34,13.2
24.4,2,239.2,100.6,77,1.7
16.2,2.9,693,100.1,31,12.3
14.5,2.8,277,100.3,45,3.6
9.1,2.9,406.4,100.7,54,3.4
9.6,1.6,426.7,100.8,58,4.3
12.9,2.4,485.9,100.5,40,7.3
29.2,3.5,653.3,100,33,12.3
17.8,7.2,490.2,100.5,52,6.4
27.4,4.1,740.6,99.6,35,14.1
18.6,2.2,620.6,100.5,42,8.6
3.2,1.8,239.6,101,51,1.5
6.8,3.3,317.8,101.2,69,2.1
24,4.8,275.9,100.8,71,2.5
24.1,5.2,275.2,100.4,29,6.3
27.2,2.8,675.1,100.5,40,10.5
26.8,3,712.3,100,33,11
17.9,2.8,297.4,100.7,63,2.3
13.9,0.9,120.6,100.7,95,0.2
2.9,0.8,261.6,101.3,76,0.9
8.3,0.7,334.8,101.3,62,1.8
15,4.7,555.1,101.1,57,5
27.5,4.1,719.3,99.4,32,13.3
31.2,4.2,788.6,100.1,30,14.3
6.7,2.2,146.9,100.8,93,0.3
18.2,1.6,700.9,100.2,30,11.1
12,1.6,97.9,100.6,89,0.3
29.5,2.7,510.6,100.1,50,8.1
22.9,3.6,696.5,100.3,39,9.1
27.2,4.6,368.8,100.9,68,3.7
8.5,1.5,368.8,100.5,52,2.8
13.1,1.7,130.4,101.7,84,0.8
17.2,4.5,282.4,100.9,78,1.9
8.2,1.4,487.5,100.4,39,6.6
9.4,2.3,496,101.4,34,5.1
30.3,2.7,600.3,100.2,52,7.2
12.9,3.1,120.2,101.2,89,0.3
28,2.7,452.1,100.7,41,6.3
15.3,3,171.2,101.2,75,1.2
6.3,3.5,256,101.4,69,1.5
28,3.9,704.9,100.1,25,15.2
31.9,3.9,713.2,100.1,34,14.5
22.5,2.3,678.5,100,31,12.5
21.9,2.4,113.9,100.2,67,1.3
13.6,1.3,534,100.7,59,4.5
9,1.6,209.1,101.6,63,1.5
4.1,1.4,238.5,101.3,74,1
31.2,5,723.9,100.4,45,12
19.1,2.8,531.4,99.8,37,9.3
23.2,4.4,649.7,100,38,10.5
29.9,4.2,744.5,100.3,45,11
28.1,2.8,575.1,99.9,55,7.4
19.9,2.4,318.3,100.5,65,3
22.4,3,752.1,100.4,41,9.8
6.3,2.1,228.3,101.8,77,0.8
16.9,5.2,529.9,100.4,45,5.9
15.4,4.6,263.8,100.7,64,2.6
29.8,3.6,660.1,100.6,39,10.6
3.2,2.2,240.9,101.7,57,0.8
7.8,0.8,322.6,101.5,62,1.7
15.1,1.3,659.8,101.2,35,7.2
27.8,3.4,721.2,100.3,47,11
15,1.5,465.3,101.3,56,3.4
4.9,1.5,525.5,100.1,33,7.4
4.6,2,228.5,101.3,66,0.9
23.3,2.2,546.2,99.5,27,12.3
24.8,2.7,714.4,99.9,33,13.1
9.5,3.2,547.5,100.8,53,5.6
25.2,2.9,742.1,100.2,44,10.8
26.2,3.4,740.1,99.6,33,14.4
11.4,4.4,168.2,100.5,83,0.7
21.6,2.1,572.8,99.7,32,11.7
8.6,2,364.5,100.1,44,4.3
5.2,2.2,283.4,100.6,46,3.3
0.9,2.2,211.5,100.9,77,0.6
23,3.3,691.4,100,37,9.3
24.4,1.7,682.4,100.3,36,13.6
17.4,2.2,604.1,100.3,41,9.5
10.8,2.8,503.1,99.9,56,6.1
21.6,3.3,154.3,100.5,91,1
26.3,3.6,722.4,99.7,35,12.8
19,2.3,374.3,101,39,2.8
22.5,2.9,554.7,101,43,7.5
19.9,4.2,648.4,100.5,27,9.9
23,3.1,183.8,101.5,71,1.2
13.9,1.6,446.4,100.4,40,7.3
28.5,2.9,231.8,99.9,80,2.1
9.5,4.3,396.8,100.7,42,4.1
24.9,4.1,360.7,100.6,56,3.8
23.4,3.7,633,100.1,35,10.5
14.7,3.7,493.8,100.6,46,6.4
22,1.8,173.9,100.4,88,1.1
5.4,2.3,276.4,100.4,67,2.1
30.8,2.6,741.9,100.3,30,13.6
10.3,2.4,236.5,101.1,72,1.6
13.2,2.2,634.7,100,39,8.7
22.9,4.7,685.5,100.2,33,12.4
14.5,3,310.4,100.7,66,2.4
29.4,3.7,761.9,100.3,33,13.4
17.3,2.5,173.1,101.4,64,1.1
29.1,2.4,717.5,100.5,35,13.4
15.9,4.9,571.8,100.8,55,5.9
6.4,2.1,426.7,100.4,26,5.7
9.9,2,633.2,100.5,38,7.2
5.2,1.9,518.7,101,29,5.6
5.8,1.8,261.9,101.2,66,1.5
13,1.7,583.7,100.6,43,6.4
8.2,0.7,272.5,100.6,50,2.6
21.4,3.2,674,100,36,10.9
29.2,3.3,726.4,100.3,46,11.1
9,1.5,436.9,100.3,55,4.4
25.8,3.3,142.7,101,82,1.4
30.6,2.3,421.2,100.3,55,4.1
31.7,2.8,543.8,100.2,39,8.9
4.4,3.5,233.2,101.3,61,1.2
16.1,3.3,331,100.2,55,3.7
5.3,2,224.6,100.9,59,1.6
14.9,1.9,614.3,100.1,33,9.6
13.8,3.1,622,100.9,30,7.6
16.7,4.4,246.3,101,58,1.2
12.9,4.5,204.2,100.8,66,1
25,3.8,704.2,100.2,37,9.5
17.8,3,726.1,100.1,45,10.2
13.9,1.7,679.1,100.5,43,8
20,3,568.4,100.2,38,9.9
26.1,3.3,666,100.4,50,8.8
25.7,2.5,511.3,100.9,63,5.3
12.5,3.3,577.5,101,50,6.3
4.5,3.6,229.4,101.6,72,0.9
9.7,1.7,250.3,100.6,66,2
8.8,1.6,235.9,101.7,74,0.7
17.7,2.6,694.8,99.9,30,9.8
6.4,1.4,139.4,100.9,94,0.5
9.2,2.6,267.6,101.6,61,1.7
3.9,1.4,292.2,100.6,54,2.2
29.1,4.2,775.4,100.5,35,12.6
21.6,2.5,695.6,100.1,44,8.2
25.9,3.6,655.4,99.9,36,10.9
21.6,4.1,527.4,100.2,38,6.5
20.5,3.2,584.2,99.5,48,9.6
26.8,4.1,739.1,100.1,38,11.9
29.4,4.5,619.4,100.1,29,13.2
23.3,5.5,602.1,99.9,37,12.9
22.2,2.4,80.5,101.8,94,0.5
23.4,3.5,465.2,100.5,57,5.5
11.9,2.4,632.2,100.9,56,5.5
24.9,3.8,728,100,36,11.5
24,5.4,497.8,99.8,38,8.5
3.1,1,236.9,100.8,55,1.9
19,2.4,472.4,100.1,55,6.2
25.7,5.8,609.5,100.1,33,10.9
11.2,3.1,478.6,100.2,36,7.6
13.4,1.1,647,100.5,35,8.4
21.6,1.7,719.6,100,24,12.2
27.3,4.3,714.8,99.8,30,12.9
23,3.3,729.4,100.3,40,10
3.4,1.6,296.4,101.2,67,1.4
13.3,1,318.7,100.8,64,1.8
21,5.1,620.4,100.2,38,10
19.4,3.9,522,100.6,53,5.3
28.8,3.2,221.4,100.4,62,2.7
28.9,4.2,559.8,100.4,42,9.6
24.3,2.4,732.2,99.9,29,14.5
5.4,0.7,231.9,101.2,53,1.1
24.8,4,566.6,99.8,46,9.5
32.1,3.1,570.9,100.4,48,8.2
18.9,3.9,713.9,100.2,31,12.2
20,4,681.2,99.8,34,12.7
26.4,4.8,513.3,100.2,44,8.2
24.2,4.6,130.3,100.6,77,2.4
11.1,2.7,621.6,100.6,48,7.3
25.3,3.5,710.8,100.3,31,14.3
16.1,3.4,351.9,100.5,67,2.5
16,4.4,520.3,101.1,61,4.5
16.4,3.6,561.5,100.2,49,5.6
26.4,3,572.7,100,48,6.5
5.3,1.8,280.3,101.5,55,1.6
1.9,1.8,232.2,100.9,67,0.9
27,3.4,729.3,99.9,30,15.6
12.4,2.2,665.4,100.2,31,10.2
15.5,1.9,267.4,101.3,72,1.3
23,2.7,627.3,100.3,40,8.4
20.2,3.9,587.4,99.9,47,7.6
13.8,3.3,444.9,100.4,65,3.1
28.1,2.2,566,100.3,58,6.1
28.2,2.7,665.9,100.4,37,10.1
14.6,3.6,713,100.2,42,9.6
26.9,3.1,629.8,99.9,40,7.9
18.6,2.5,491.6,100.6,59,3.9
10.9,1.3,297.1,101.4,68,1.5
13.1,1.7,309.4,100.4,51,3.7
24.1,4.8,525.9,99.7,47,7.1
16.2,3.9,604.6,100,47,7.6
11.9,2,735.9,100.2,26,11.1
10.7,3.1,269.6,101.9,69,1.2
4,2.3,378.9,100.4,31,4.4
7.7,2.1,170.9,100.8,78,1.2
9.8,3.2,211.7,100.2,68,0.9
6.8,2.1,244.9,100.1,65,1.4
2.1,2.6,303.2,101.4,63,1.6
14.3,2.6,536.6,100,44,7.5
6.1,2,370.7,101.5,52,2.3
17.4,1.8,632.3,100.4,41,8.7
23.7,2.7,560.5,100.5,55,5.6
20.2,1.6,535.3,100.3,34,8.5
5,1.2,133,100.7,86,0.6
2.3,0.7,250.5,101.6,61,1.2
13.6,1.7,497.3,100.4,38,7.6
20,1.5,261.7,100.2,69,2.8
29.7,4.1,737.9,100.2,44,9.2
16.4,2.2,585.6,100.4,44,8.1
17.7,5,150,100.6,69,1.1
25.5,1.6,685.6,100.1,33,12
22.5,2.5,432.6,100.3,45,6.8
26.5,4.8,743.9,100.2,43,10.1
31.1,3.8,548.3,100.4,35,9.5
16,2.7,405.7,100.1,38,9.1
18,1.2,720.3,100.1,33,12
29.6,3.5,654.5,100.4,41,8.2
27.2,4.3,209.6,100.5,72,1.7
4,1,393.4,100.8,35,4.3
27.1,3.8,729.6,100.1,31,14.3
20.1,1.9,659.2,99.7,30,12.9
21.3,3.2,603,100.2,37,10.8
6.5,1.6,263.5,101.2,64,1.3
27.3,4.7,664.9,100,21,15.9
18.6,1.5,717.5,100.2,39,12.3
10.9,2.4,111.8,101.7,92,0.3
24.5,3,756.9,100.1,31,13.3
8.6,4.8,294.5,100.9,59,2.3
13.8,3.7,410,100.1,35,8.2
21.8,2,321.6,101.1,65,1.5
21.9,3.4,245.2,99.7,58,3.9
27.4,2.9,737.9,100.4,49,10.2
11.3,1.6,656.1,99.9,43,6.7
12.9,1.6,392.4,100.8,57,4
7.8,3.8,362.7,101,63,1.9
7.9,2,198.8,100.8,85,0.8
12.3,1.7,542.6,100.4,52,6.2
6.7,1.9,425.5,100.2,45,4.7
13.8,3.8,442.6,100.6,40,6.2
10.4,3.3,188.6,101.4,69,1.1
30.2,4.2,504.6,100.1,48,5.7
24.8,4.8,687.8,100.3,37,13.5
15.2,2.8,510.1,100.1,41,7.1
23.2,3.5,452.7,100.1,52,7.1
20.3,2.3,696,99.9,30,11.6
21.4,3.5,576.8,100.3,41,6.9
18,2,167.1,100.7,56,1.9
30.3,3,769.5,100,33,14.4
16.8,3.4,653.5,99.8,41,9.4
5.2,2,237.1,101.6,60,1.1
13.6,1.1,396.8,101.4,63,3
8,1.9,283.5,100.8,60,2.7
27.3,3.9,585,100.3,54,7.4
12.8,3.3,395.7,100.4,46,5.2
3.1,5,218.2,101.5,57,1.2
7.3,1,321.6,100.9,56,3.3
13.1,4.5,147,101.2,70,1.3
12.3,1.4,188.2,102.3,89,0.3
28.9,4.1,608.1,100.3,48,7.5
26.1,3.5,608,99.8,51,8
7.2,4,320.4,101.1,36,3.2
19.6,2,756.4,99.4,24,14
22.6,2.9,773.3,100.4,26,14.1
20.9,2,545.6,100.4,51,4.5
23.7,3.1,611.6,99.9,47,8
12,1.9,119.5,100.5,59,1.9
34.9,3.3,634,101,42,8.8
3,3,294.1,100.8,55,2.4
20.8,3.6,694.4,99.9,32,12.4
5.9,3.9,343.1,101.4,63,1.8
22.9,3.6,702.6,99.8,31,11.6
3.8,2.2,263.5,101.3,71,1
9.7,3,398.4,100.7,59,3.2
18.9,3.7,541,99.9,31,8.8
20.6,1.7,686.2,100,32,11.8
25.7,3,715.4,100.3,37,10.8
18,2.3,673.3,100.1,33,12.3
24.3,2.5,733.2,100,44,10.3
29.1,3.1,677.2,100.8,49,8.2
32.6,3.2,451.6,101.1,66,4.7
4.3,3.3,248.5,100.4,77,1.7
26.1,3.6,754,100.5,34,12.5
9.3,3.3,413.7,101.2,71,2.7
17,3.9,536,99.9,36,10.3
27.6,4.3,203.1,100.2,80,1.3
23.7,2.5,75.3,100.4,91,0.4
10.1,1.9,181.9,101.5,71,0.9
30.7,2.7,732.7,100.8,43,10.2
2.5,3,332.8,100.5,60,2.1
22.6,3.4,571.5,100.2,32,10.3
29,4.4,633.3,100.4,56,8.1
18.6,4.2,154.7,101.4,87,0.6
21.9,4.8,612.9,100,37,10.2
8.7,2.2,121.1,101.4,76,0.6
22.1,3.1,514,100,42,8.1
27.3,4.5,675.1,99.8,35,12.8
8.3,1.3,265,101.2,76,0.9
7.7,2.9,158.1,99.9,57,2.3
7.9,1,318.5,100.8,51,3.8
23.2,3.3,618.7,100.6,43,9.1
18.4,1.9,105.2,99.7,91,0.6
6.8,3.4,376.7,100.5,36,4.6
28.9,3.4,759.2,100.2,30,13.4
25.8,3.5,556.5,100.7,59,5.6
11.9,2.6,329.2,101.6,58,2.3
13.2,2.6,358.6,100.1,43,4.6
21.2,4.2,643.8,100.3,49,8.3
30.2,3,494.8,99.7,70,4.9
20.4,1.9,513.1,100.4,41,7.9
4.9,1.8,151.2,100.8,82,0.6
14.7,2.5,226.9,100.3,60,3.3
20.9,2.5,757.2,99.8,29,13.8
24.4,2.9,729.2,100.3,40,9.3
5.5,2,219.1,100.7,55,1.3
22.9,3.4,131.3,100.4,83,0.9
25.2,4.5,714.4,99.8,41,11
25.3,2.3,750.9,100.1,37,11.6
20,4.9,635.9,99.8,32,11.5
13.1,1.2,222.8,100.4,61,1.7
6.9,0.7,342.6,101,48,2.8
31.1,3,726.9,100.3,27,14.4
16.6,4,79.1,101.1,83,0.7
7.6,5.5,439,100.4,43,5.4
13.4,4.7,350.7,100.9,72,2.2
17.6,2.3,483.7,100.7,35,6.2
12.9,0.9,246.5,100.9,58,1.7
17.3,6,534.2,100.8,35,6.4
24.1,6,482.4,100.2,50,7
17.6,1.6,623.8,100.1,26,11.5
14.5,4.3,236.9,100.6,36,3
24.1,2,261.5,101.3,70,1.5
6,0.5,212.8,101.4,72,1.1
21.3,2.8,117.5,100.4,69,1.5
12.6,2.9,428.4,100.5,41,5.4
9.4,4.5,416.7,100.5,39,5.2
9.4,2.8,319.2,100.6,32,4.9
11.7,3.7,339.6,100.8,63,2
7.4,0.3,472.1,100.1,39,6.5
8.6,4.2,261.2,100.2,69,1.5
22.1,2,577.5,99.8,46,8.1
18.3,3.4,164.7,99.7,77,1.2
21.4,3.2,560.7,100.3,66,4.2
27.1,2,592.3,100.4,42,8.7
12.6,2,530.2,100.9,64,4
28.3,2.7,650.8,99.8,44,9
22.6,3.5,536.8,100.3,37,10.9
32.2,3.2,722.3,100.2,29,14.1
17.5,5.5,661.7,100.1,29,11.6
20.6,2.7,734.2,99.8,37,12.3
6.6,2.8,305.2,100.1,52,3.3
6,2.2,236.3,100.8,62,1.3
16.1,4.1,465.6,100.4,66,3.9
7.4,2.7,292.6,100.8,65,1.8
10.5,1.8,273.5,101.5,64,1.5
11.9,2.9,302.1,100.5,64,2.1
30.5,2.7,401.6,100.5,41,3.8
21.6,2.7,86.2,99.7,39,9.7
14,1.9,444.7,101.2,56,4
15.4,2.7,331.1,100.2,67,3.3
19.1,1.9,548.1,100.1,57,5.6
26.1,3.4,597,100.1,27,11.7
23.3,2.7,735.6,99.6,36,12.4
25.3,3,738.7,99.8,37,12.7
21.5,4.6,161,100.6,85,1.1
7.5,4.3,365.3,101.2,58,3.7
18.1,2.5,606.7,100.8,35,6.5
11,2,576.6,100.9,34,5.8
8.5,1.1,395.1,100.5,46,4.5
23.8,5.3,703.8,100.1,36,12.9
16.4,2.6,491.8,100.3,31,9.8
16.8,2.7,562.3,99.7,38,8.5
23.2,4.4,560.8,99.7,30,12.3
20.3,4.2,422.8,99.9,56,4.7
31,2.7,743.7,100.1,39,13.9
11.3,2.7,363,101,46,3.3
27.2,3.7,117.9,100.5,53,2.3
21.5,2,726.3,100,28,13.5
25.7,4.4,704.4,100,33,11.3
22.8,4.7,461.7,101.1,63,4.6
17.2,2.3,393.6,100.3,55,4.3
11.2,1.8,687.4,100.9,39,8.4
7.1,1,116,101.4,86,0.4
6.1,1.4,215.9,101.3,63,1.4
22.9,3.4,636.1,99.8,31,10.7
15.5,5.7,612.6,101.1,50,6.3
31.7,3.1,783.7,100.2,25,16.1
16.3,2.3,166.7,100.9,69,2.1
4.5,2,274.2,101.2,47,2
25.9,3.7,688.9,100,35,13.9
21.3,2.3,518.8,100.2,51,6.4
28.7,3.1,753.3,100.2,26,15.1
5.1,1.9,160.1,100.8,81,0.7
16.3,2,553.7,100.1,32,9.4
27.1,3.8,622.1,100,44,8.9
32,3.5,705.7,100.3,40,9.7
15.9,2.4,397.2,100.5,54,2.7
5.2,1.7,308.5,100.9,38,3.4
2.5,1.8,243.1,100.8,64,1.2
4.3,2.4,93.5,101.6,93,0.1
15.8,6.2,464,100.6,54,4.8
20,3.5,545.3,99.9,33,8.7
10.8,2.2,328.4,100.4,50,2.9
19.7,2.2,625.9,100,47,8.9
26.6,3.8,505.7,100.8,54,5.7
25.3,3.6,757,100.1,30,13.5
18.3,3.5,99.5,100.6,76,1.3
9.5,0.8,165.4,100.4,59,2.4
11.1,3.9,279,100.4,54,3.2
23.8,1.8,108.4,100.6,86,0.6
25.4,4.3,599.9,100.7,49,6.6
17.5,3.2,553.7,100.1,27,10.2
8.1,2.2,246.9,101.1,70,1.3
13.7,1.7,270.3,100.9,60,1.6
4.5,2.2,381.9,100.6,34,4.6
19.6,1.4,727.6,100.8,41,8.6
11.3,2,397.4,100.7,40,5.2
30.3,2.7,760.9,100.3,39,12.6
22.5,2.8,532.2,100.3,50,7.6
15.7,2.7,113.1,100.7,97,0.2
19.3,2.6,66,99.7,88,0.5
27.9,4.5,769.9,100.4,29,14.6
23.7,2.3,689.4,100.1,31,15.3
8.2,1.1,514.8,101.4,39,4.5
17.8,2.1,538,100.2,35,8.6
13.7,3.1,446.5,100.1,27,8.1
13.4,4,337.2,101.2,62,1.8
19.4,1.8,665.9,99.7,28,12.7
24.9,3,559.3,100.2,36,10.4
14.7,1.7,450.1,100.1,31,9.4
27.9,5.2,554.5,100.3,41,9.3
6.5,2.9,244,101.3,62,0.9
26.5,2.4,614.3,100.4,38,10.8
4.4,1.4,245.1,100.9,45,1.8
27.2,4.4,283.3,100.8,67,2.3
23.9,3.7,193.6,99.9,93,0.8
32.3,3.7,711.2,100.4,36,11.4
2.9,1,222.3,100.9,75,0.9
22.5,3.1,640.4,100.2,50,8.1
12.3,1.7,572.1,100.2,45,5.8
6.5,2.3,474.8,100.1,46,5.8
16.8,2.5,478.8,100.2,44,6.4
26.5,4,761.8,100.1,31,13.7
15.4,2.6,367.7,101.2,47,3.3
6.1,2.5,404.7,101.2,64,2.5
6.2,7.3,242,100.5,79,0.9
24.2,4.9,765.2,100,40,12.1
22.4,4,476.1,99.8,28,8.4
16.6,3.5,515.9,99.7,32,10.3
27.3,3,685.6,100,27,13.6
29.7,3.3,717.5,100.2,33,12.6
21.5,2.8,593.1,99.8,34,11.2
24.8,3.3,570,100,38,9.1
15.8,1.4,504.6,100.8,49,4.4
15.7,2.7,496.1,100.1,38,7.1
18,1.9,713.7,100,35,13.4
14.1,1.4,262.2,100.7,63,2.1
22.9,4,325.5,100.5,48,5.1
7.4,2.1,262.9,100.8,73,1.8
22.4,2.4,84.9,100.9,86,0.8
10.7,1.5,431.3,100.3,49,4.8
6.9,5,464.3,101,25,6.2
4.7,4.2,264.5,101.2,47,1.7
24.4,3.7,481.7,99.6,46,9.4
8.1,0.6,282,99.9,53,3
31.3,2.6,713.7,100.1,47,11.2
10.8,3.2,435.6,101.1,49,5.1
18.5,5.1,732.3,100.3,31,11.7
16.4,3.3,406.3,100.9,68,2.8
15.9,3.9,573.1,100,34,10.8
8.8,3,412.7,100.2,36,5.1
16.3,6.1,430.7,100.2,46,5.8
14.7,3.3,595.7,100.6,51,6.7
20.7,4,747,100,33,12
16.2,2.1,418.3,100.6,59,3.8
3,1.9,226,100.2,58,1.1
23.2,3.1,594.6,100.1,49,7.9
7,2.2,354.4,101.2,61,2.3
26.2,2.1,734.9,99.7,31,12.3
15.4,1.9,315.1,100.8,48,3.3
27.1,3.7,657,100.2,48,8.1
6.5,4.2,167.2,101.1,79,0.6
22.8,3.3,489.2,99.6,61,4.2
21.6,3.3,699.7,100,37,12.1
23.2,2,746.3,100.4,40,10.7
17.6,2.8,547.1,100.9,55,4.9
7.1,1.8,201.6,101,57,2
26.4,4.4,667.1,100.3,45,9.1
28.5,3.7,560.4,100.6,50,6.4
8.4,3.3,275.7,101,65,1.7
12.5,4.9,296.4,101.4,68,1.3
22.7,4.4,762.2,99.7,34,12.7
21.7,3.6,566.5,100.2,41,9.7
7.8,2.3,272.6,101.3,77,1.6
26.3,3.4,399.6,100,71,3.9
27.3,3.9,572.1,100.5,37,8.5
28.8,2.8,608.5,101,66,6.1
29,2.7,495.2,101,48,6.7
7.7,4.1,230.9,100.9,74,1
18,2.5,569.6,100.3,38,9.4
15.3,2.9,550.5,100,42,7.5
22.7,3.5,717.4,100,27,12.8
17.6,1.1,592.4,100.3,38,9.3
16.2,4.6,682.9,99.7,31,11.2
9.1,0.9,85.7,101,100,0.1
15.4,3.3,525.2,101,54,4.3
12.8,2.3,692.7,100.3,41,8.7
31.9,3.8,600.9,99.9,42,8.4
25.3,3.2,689.9,100.8,43,7.8
14.9,4.3,225.8,100.2,70,1.2
7.7,0.4,111.4,100.6,85,0.7
0.6,2.7,171.5,101.6,83,0.5
11.5,5,382.5,101.1,74,2.3
24.4,4,761,100.4,37,10.4
18.5,2.8,389.8,100.4,57,2.9
20.1,4.5,478.7,100.3,62,4.3
5.4,1.4,80.6,101.8,98,0
25,2.2,750.6,100,36,11.8
22,2.8,397.3,100.2,51,5
27.9,3.5,698.7,100.1,27,14.7
27.8,3.5,756.1,100.2,45,11.2
6.4,1,281.3,101.5,65,1.8
12.8,2.9,128.1,101,66,1.4
27.5,3.7,754.7,100.3,33,13.8
3.1,2.4,242.6,100.8,57,2.2
11.8,2.8,533.4,100.3,54,5
9.9,3.6,235.1,101.5,68,1.3
26.4,3.3,535.8,100.4,48,7.3
33,4.1,723.1,99.9,28,11.9
16.4,3,316,100.7,63,3.6
7.9,4.6,137.4,100.9,77,1.1
26.6,4,701.2,100.1,31,14.9
11.5,3.7,256.4,101.5,66,1.4
16.2,4.6,407.7,99.9,32,6.7
11.1,2.4,251.2,100.6,46,3.4
31,4,614.5,100.3,48,8
18.9,2.9,452.4,100.2,49,5.9
11.5,3.8,121.4,101,81,0.8
13.5,3.6,466,100.8,71,3.1
31.1,2.9,735,99.7,37,12.3
6.3,1.4,151.2,101,89,0.5
18.6,3,513.1,99.9,43,7.9
5.5,2.6,184.8,102,87,0.4
30.8,3.3,763.6,100.3,39,13.2
16.6,2.3,327.7,100.6,69,2.6
15.7,2.5,440.4,100,50,6.1
15.9,1.5,632.4,99.8,35,10.2
13.3,0.9,271,100,63,3
18.9,3.1,553.7,100.2,26,8.7
3.8,1.6,202.4,100.7,74,0.6
16.6,3.6,646.1,99.7,28,10.2
7,2,205.4,100.6,69,1.5
14.1,3.7,274.2,101.6,61,1.9
29.7,3.1,143.9,100.2,88,1.2
22.1,2.6,707.4,99.9,43,10
26.6,4.1,532.5,100,44,8
30.9,2.9,717.6,100.2,28,15.1
22.5,4.8,724.8,100.3,29,11.7
20,3.8,701.9,100,30,11.7
24.1,3.9,234,101.1,60,2.3
18.7,3.3,585.4,100.3,31,9.9
24.1,3.6,306.6,99.9,59,2.3
9.7,2.2,220.5,101.2,64,1.4
9.1,1.4,217.5,101.1,59,1.3
29.5,3.4,673.5,100.4,44,10.7
21.8,3.7,593.1,100.9,53,7.2
16.4,2.2,576,99.4,30,11.5
12.6,2.5,108.5,101.2,98,0.1
12.9,1.9,563.5,100.1,30,8.4
29.2,3,477,100.4,53,5.3
25,2.9,724.8,100.3,39,12.6
0.8,2.2,170.1,101.5,83,0.5
8.8,2.3,195.5,100.7,70,0.8
28.4,3.8,731.3,99.9,32,10.8
7.2,1.7,343.4,101.1,36,3.4
20.2,2.3,613.6,100.1,34,10.2
26.5,4.2,763.5,100.2,27,14.1
2.3,2.5,295,101.3,61,1.5
7.5,4.8,212.9,101.2,84,1
13.5,2.9,464.7,101.1,56,3.6
1,2.3,262.9,101.4,59,1.4
15.7,3.1,646.3,100.2,45,8.5
6.1,1.2,244.5,101.1,55,1.7
22.8,2.5,503.5,99.6,38,9.6
8.4,1.3,408.6,100.4,53,4.2
9.2,2,457.8,100.9,30,5.8
27.9,3.6,654.9,100.2,47,9.8
5.2,0.6,166.2,100.9,76,1.2
20,1.9,453.1,100.2,36,7.6
14.1,4.3,598.1,101.2,55,5.7
3.7,1.5,163,101.8,79,0.5
31.8,3.3,743.8,100.2,35,14.4
3.7,2.5,280.2,100.7,51,2.2
20.1,4,186.1,100.7,75,1.7
28,3.2,725.5,100,37,10.1
5.7,3.8,127.9,101.4,88,0.5
25.6,3.6,732.9,100.2,43,11.8
25.4,4,122.8,100,73,1.5
28.7,3.8,503.4,101.1,59,5.3
5.6,1.8,227.3,101.5,80,0.8
15.4,4.1,418.6,100.3,62,3.3
20.2,1.5,701.9,100.2,52,7.7
9.7,1.8,265.3,100.4,72,1.2
23.5,3.8,183.9,99.9,82,2
27.6,3.3,719.8,100.3,28,13
22.1,3.6,496.5,100.9,61,4.3
17.1,3.7,476.5,100.1,56,5.9
2.5,1.3,278.7,101.6,53,1.8
7.5,1.4,392.8,100.9,65,2.8
32.7,3.9,755.6,100.5,43,11.7
17.1,4.6,716.2,100.1,36,12.7
18.2,2.4,113.2,100.4,89,0.7
27.8,4.3,635.3,100.1,42,10.4
2.1,1.7,238.9,101.5,56,1
23.3,2.4,500.9,100.3,35,9.2
29.2,3.4,750.9,100.5,32,13.6
6.2,5.9,289.8,101.1,63,1.5
22.1,2.8,746.9,100.1,32,13.4
7.4,1.3,286.2,100.9,47,2.6
23.5,3.5,592.3,99.6,27,10.7
17.7,4.3,635.8,100.3,38,10
29.1,3.7,679.2,100.1,44,10.8
12.4,2.6,259.8,101.4,83,1
20.5,2.4,603.9,100,45,9.5
28.6,2.8,742.7,100.5,38,10.2
11.6,2.3,101.6,101.7,95,0.2
28,3.9,606.7,99.9,34,11.3
9.8,0.6,496.1,99.7,45,6.8
13.4,2.3,729.4,100.1,38,9.9
11.6,1.6,478.3,100.1,60,4.8
23,2.9,758.3,99.9,35,13.2
25.8,4,586.8,101.2,61,5.9
22.5,3.3,350.3,100.1,28,7
20.8,2.2,461,100.3,46,6.7
15.9,2.4,523.1,100.5,52,5.3
31,3.2,769.4,100.1,28,15.6
26.2,2,557.9,100.4,46,7
20.9,2.7,233.7,100.8,64,1.4
4.6,3,304.4,100.9,52,2
4.8,3,253.6,101.8,73,0.9
12.3,2.6,640.7,100.3,41,8.9
20.2,3,670.1,100.1,32,13.2
14.1,1.9,395.1,101,55,3.1
7.1,3,219.6,101,66,1.2
17.2,2.3,353,100.8,61,2.5
27.6,2.4,320.4,99.9,66,4.6
33.8,3.5,744.2,100.9,42,11.9
12.9,2.9,108.2,101.6,85,0.5
24.4,3.1,621.8,100.3,54,7.4
19,4.4,649.1,99.9,36,10.8
9,2.4,266.3,101.5,64,1.3
24.8,3.9,562.6,100.1,35,9.5
23.6,5.3,536.9,99.9,36,8.7
25.3,5.1,691.7,100,36,12.4
3.2,1.5,146.2,100.3,90,0.3
27,2.8,704.3,100.2,41,12.3
14,2.8,123.3,100.6,83,1
4.4,1.6,259.2,100.2,69,1.4
15.8,1.9,315.5,100.3,42,3.6
19.5,6.3,664.8,100.3,44,8.3
2.2,1.3,200.6,101.1,78,0.6
11.3,2,329.6,100.4,41,3.5
13.2,2.1,490.2,100.3,47,5.3
15.8,4.2,538.3,100.1,48,5.5
16.2,3.7,334.4,100.4,31,4.6
26.5,3.8,592.3,100.1,41,9.2
17.2,2.6,449.4,100.7,40,6.3
18.5,2.3,680,100.2,42,9.7
22.5,4.3,404,100.6,62,3.5
11.8,2.1,155.3,101.1,84,0.8
11.9,3.4,653.7,100.6,38,9.2
27.4,2.5,376.6,100.9,65,3.4
11.4,1.7,576.8,100.1,33,8.9
11.4,1.5,393.3,100.3,54,4.1
16.8,2.2,129.7,100.9,80,0.9
4.2,1.8,188.8,100.9,51,2
20.2,4,474.2,99.9,44,7.4
18.8,2.2,379,100.8,56,3.4
10.4,2,466,100.1,32,7.5
15.1,4,441.4,100.8,41,5.9
16.7,2.1,596.6,100,27,10.5
19.4,1.7,559.5,100.1,32,10.7
22,1.8,554.9,99.6,27,12
31.8,2.9,381.3,100.3,66,4
25.6,3.1,707.1,99.9,32,12
20.1,3.2,668.3,100.2,30,11.1
20.4,3.2,332.8,100.7,59,2.9
5.9,1.5,222.6,101.8,73,0.8
21.4,4.2,655.2,100,39,10.1
21.6,2.5,640.2,100,29,13.7
3.4,2,112,101.2,84,0.3
2.6,3.2,244.6,101.1,78,0.8
8.8,0.8,455.3,100.2,42,5.7
24.1,2.8,493.5,100.3,49,7.1
8.4,1.8,307.1,101.1,61,1.7
24.2,2.8,642.2,100.2,30,9.4
20.6,3.3,680.2,100,33,12.8
19.6,1.2,351.2,101.3,73,1.7
24.2,4.6,466.8,100.1,34,8.8
26.6,3.1,739.5,100.2,41,12.4
25.4,3.5,79.4,100.7,89,0.5
9,0.6,279.7,100.5,71,2.3
12.2,3.9,547.9,100.1,34,8
6.4,2.2,185.6,100.5,79,0.9
17.2,3.1,669.4,100.6,43,9.2
23.3,4.4,685.2,99.8,37,11.8
14.2,2,407.3,100.4,37,6.3
29.4,3.2,711,99.8,32,12.9
8.1,1.8,624.5,100.6,48,6.2
22,3.4,472.1,100.5,54,6.4
30.3,4.4,73.4,101,85,1.5
26.8,5.6,450.3,100,78,3.8
28.9,3.3,599.2,100.3,53,7.7
2.6,1.1,126,101,89,0.2
12.3,2.2,556.5,100.6,43,5.7
11.7,2.6,271.7,101.4,47,2.2
28.5,4,598.2,99.9,38,10.3
14.9,3,586.3,100.4,43,7.4
11.8,3.8,546.7,99.7,27,9.7
30.6,3.2,653.3,100,35,10.9
32.5,3.7,566.6,100.6,44,8.6
21.7,3.3,473.9,100.5,54,6.3
24.6,3.9,346.4,100,55,4.4
10.2,1.2,514.4,100.7,52,4.9
10.8,2.9,202.6,100.2,79,1.8
15.8,1.9,279.1,100.5,74,2.5
6.3,1.8,124.7,101.2,99,0
19.1,2.6,479.5,100.1,36,8.4
4.7,1.4,289.8,100.4,55,2
26.4,3.2,743,99.9,43,11.5
23,4.8,648.9,100.2,46,9.2
10.2,2,228.7,99.9,57,1.3
8.8,1.8,152.1,101.5,79,0.6
18.3,6.2,503.3,100.1,47,6.9
16.3,4.9,561.2,101.2,60,5.2
26.7,2.9,442,100.6,60,5.6
20.6,3.7,582.4,100.2,34,9.8
1.1,1,223.6,101.8,71,1.1
19.4,2,111.2,101.3,90,0.5
10.6,1.8,375.1,100.9,60,2.5
18.9,2.4,273.4,100.1,70,2.1
17.4,1,200.9,100,77,2
22.2,2.2,416.3,100.2,51,5.7
22.6,2.3,677,100,39,10.5
25.3,1.8,275.9,100.5,73,2.7
10.2,0.7,237.1,101,66,2.1
26.2,2.8,719.9,100.3,57,8
0.2,2.7,175.1,101.1,81,0.6
16.9,3.3,656.7,99.9,33,11.6
26.6,4.4,533.3,100.5,50,7.8
10.8,2.2,385.7,100.9,67,2.8
17,6.3,256.4,100.8,75,1.2
16,4.1,389.4,100.6,70,2.9
19.7,3.8,378.1,101.1,63,2.6
27.9,4.1,750.3,100.2,32,13.7
26.8,4.1,627.1,99.9,31,13.5
28.4,4.3,702.3,101.2,37,8.1
7.7,4.1,261.2,100.3,53,2.5
18.2,4.7,561.4,99.8,28,11.4
31.2,2.9,734.2,100.1,23,15.5
4.7,3.6,218.4,100.6,75,0.9
19.6,3,137.3,101.2,88,0.7
25.7,4,723.7,99.6,34,15.2
20.2,3.6,704.9,100.3,25,12.6
33.9,3.9,399.6,100.5,45,5.1
20.6,2.5,216,100.3,42,4.5
20.6,4.5,671.3,99.9,32,11.7
10.3,1.1,234.4,101.1,63,1.2
9.5,2.1,591.1,100.8,41,6.4
12.4,4.9,494.5,100.1,69,4.1
16.6,3.9,101.8,100.3,86,0.5
19.3,5.8,598.9,100.3,35,9.7
26.5,3.7,762.8,100,34,12.5
13.5,1,538.5,100.2,41,6.6
27.7,2.3,257.1,100.5,56,2.9
32,2.7,131,100.2,42,3.6
16.3,2.6,616.2,99.9,36,8.9
31,4.1,612.5,100,49,10.1
23,2.8,629.3,100.3,50,8.6
19.1,3.6,610.6,99.8,42,9.9
31,4.4,744.7,100.5,36,11.3
13.5,1.7,386.2,101.3,50,3.1
4,2,242.5,100.8,55,1.9
20.7,4,560.8,100.6,55,6.7
26.1,3.2,719.4,99.9,34,14.7
7.9,0.4,223.5,100.7,58,1.9
20.8,2.1,711.8,100,33,11.9
10.6,1.6,507.7,100.2,39,7.2
27.6,4.1,647.5,100,32,12.4
24.8,4.9,127.7,100.5,84,0.9
24,3.4,473.1,99.6,48,6.5
1.2,1.9,231.7,101,53,1
24.3,2.7,720.9,100,32,11.6
26.2,2.9,735.9,100.4,42,11.1
10.7,1.7,448.6,100.4,28,6.5
28,3.1,723,100,42,11.9
13.5,2.5,167.3,101.4,86,0.5
11.3,1.5,217.9,100.9,68,1.3
21.5,2.3,681.7,100.2,36,11.9
11,4,42.7,101.1,90,0.4
23.9,3.3,570.8,100,34,12.6
21,2.5,720.6,99.9,36,11.2
27.3,3.2,694.7,100.2,31,14.5
22.5,4.4,670.3,99.7,37,9.9
15.4,4.9,498.7,100.3,50,6.6
12.4,2,554.6,100.4,48,6.9
15.3,1.4,665.4,99.7,27,11.2
16.3,2.1,542.1,100.4,36,10.2
-1.9,1,175,101.1,84,0.4
9.7,3.2,326.7,101.5,67,1.9
15.4,2.5,502.6,100.2,48,6.6
23.3,4.2,223.4,100.5,58,2.3
32.2,4.2,588.4,101.2,56,7.2
16.2,2.5,568.4,100.1,34,8.6
14.8,2.6,543.4,100,30,7.9
13.7,3.3,425.9,100.9,51,3.1
26,2.5,690.9,99.9,35,12.4
30.3,3.2,637.1,100.7,44,8.4
13.1,4.2,478,100.1,40,9
8.9,2.8,329,101.6,58,1.8
17.1,6.7,490.9,100.7,38,4.1
25.7,4.2,720.4,99.9,49,10.2
3.2,2,268.5,102,67,1
4.7,1.8,220.6,101,64,1.3
22.5,1.5,711.2,99.6,34,12.2
17.4,3,451.8,100.6,37,6.4
12.9,1.9,496.3,100.2,39,7.1
29,3.2,552.9,100.4,54,6.5
10.7,7.1,476.6,100.6,32,7.6
29.3,3.7,621.3,100.3,47,9.1
21.9,3.6,265.9,100.8,69,2.1
30.3,3,730.4,100.2,23,14.9
19.8,4.6,35.4,99.7,24,12.8
11.7,2,435.1,100.5,51,4.9
6.2,3.6,350.5,100.9,53,2.6
17.4,2.8,751.8,100.1,44,10
25.7,4,368.5,101.1,61,2.4
11.9,1.9,245.7,100.9,72,2
4.5,0.7,266.3,100.6,57,1.7
11.4,1.6,414.5,100.1,33,5.8
3.8,3.6,273.4,101.1,47,1.9
25.4,4.8,413.1,100.4,53,5.7
26.4,2.2,263.6,100.9,64,2.1
12.1,2.1,120.5,100.6,81,0.7
8.1,1.1,223.2,101,67,1
22.2,3.3,623.2,100.2,33,9.6
16.3,3.3,663.2,100.3,31,9.8
26.8,3.4,697.4,100.2,38,10
20.1,2.3,604,100.1,42,8.1
25,3.2,759.4,99.2,29,14.1
17.5,1.8,348.8,100.3,67,3.2
21.9,3.1,575.7,99.8,44,9.5
17,2.7,571.8,100,33,10
26.9,3.5,673.8,100.2,28,13.3
20.4,2.7,533.9,100,35,11.7
27.7,2.7,510.7,100.2,35,6.8
10.9,1.5,286.7,101.4,62,1.7
6.6,3.2,327.8,100.4,36,3.2
8.1,0.3,203.7,100.4,59,2.3
13.5,2.3,236.6,101,62,1.5
7.1,1.6,345.8,101.5,53,2.4
8.3,0.9,190.1,101.3,83,0.5
10.5,3,316.1,101.3,64,1.7
7.7,1.5,262.9,101.4,53,1.7
10.4,2.3,375.7,100.1,41,4.7
13.2,3.4,94.8,100.7,78,0.8
22.2,3.5,210.6,100.6,78,1.1
9.4,3.5,161.7,101,72,0.9
22.2,3.5,630,100.1,52,6.7
22.1,3.1,648.8,100,43,9.6
19.5,2.2,630,100,35,8.8
20.9,4.5,432.2,100.5,70,4.6
20.6,4.7,744.3,100.3,26,13.9
29.1,3.2,763.5,99.8,27,14.1
28,2.8,577.7,100.5,45,8.3
19.6,3.3,501.9,100.7,52,6.1
26.3,5.6,710.7,100.2,39,13.6
5.7,1.5,199.7,101,93,0.3
12.4,3.6,314.3,100.9,69,2.6
11.1,2.1,67.9,101.2,95,0.3
7.2,2.1,399.6,100.8,50,3
6.2,1,254.9,101.4,58,1.8
3.6,3.2,368,100.6,34,4.2
7.3,1.7,398.2,100.4,39,5.2
28.7,3.2,731,99.8,23,14.8
13,1.9,498.2,100.4,35,7.8
18,4,618.4,100.5,44,9
14.1,2,154.3,100.2,60,2.5
12.8,2.1,325.9,100.5,47,4.2
9.2,1.3,387.7,100.8,45,3.9
7.5,2.7,415.1,100.4,65,2.9
23.4,2.9,253.7,100.4,59,3.3
22.9,2.7,763.6,99.9,33,12.6
25.3,1.3,748.1,99.7,30,14.2
13.8,3.9,564.6,100.3,35,7.4
-3,1.5,706.8,100.4,27,12.4
11.7,1.5,276.3,101.9,57,1.7
4,1.3,327.6,101.3,60,2.1
16.2,2.2,227.3,101,65,1
27.5,3.5,350.7,100.4,52,4.7
17.8,1.9,534.2,100,59,5.5
23.5,3.1,640.4,100.1,32,12.9
26.9,4.7,147.1,99.8,79,1.7
15.9,3.1,348.6,101.3,47,2
19.5,2.7,355.4,100.5,69,4.2
19.5,1.8,461.7,99.8,44,6
8.6,1.3,614.8,100.4,32,7.7
22.1,4.9,666,100.2,42,9.3
12.6,1.5,232.5,101.2,84,0.7
24.7,4.1,677.2,100.3,45,10.5
4.6,2.3,358.7,100.6,41,3.9
11,3.1,377.1,100.1,40,5.1
12.8,2,257,100.3,47,2.3
25.7,1.9,674.2,100.2,37,12.1
28,4.6,774.3,100.4,30,13.1
31.2,3.6,404.6,100.3,50,7.5
23.2,2.6,639.7,100.5,46,9.3
9.9,1.5,79.8,101,86,0.6
18.8,5.5,602.5,100.2,28,10.8
19.7,5.3,664.2,99.9,37,10.4
15.6,2.6,561.4,100,54,6.2
20.6,1.9,714.5,99.9,31,13.5
22.7,3.3,353.6,100.7,69,2.7
22.8,3,646.9,100,37,11
27.3,3.1,696.2,100.3,38,12.8
6.7,2.3,561.2,100.1,45,5.6
3.7,1.4,317.9,101,32,3.3
5.2,2.3,211,101.2,80,0.7
6.3,2.2,136.4,101.3,92,0.3
2.7,1.8,228.3,101.4,56,1.3
17.1,3.2,723,100.2,43,8.8
21.9,2.1,583.5,100.4,46,6.5
17.9,2.1,673.3,100.1,40,9.2
29.4,4.2,689.4,100.1,32,13.2
20.6,3.6,667.9,100.4,50,8.4
27.9,3,716.9,99.9,34,14.8
6.7,2.5,409.9,101.3,59,2.5
19.6,1.7,622.7,99.3,33,10.8
17.2,2.9,485.7,100.3,51,6.4
20.8,3.2,237.8,100.7,69,2
2.7,1,258,101.5,75,1
26.7,5.3,722.5,99.9,22,14.9
14.8,2.2,592.4,100.6,30,7.2
17.5,1.6,86.8,100.8,97,0.2
17.3,3.1,515.8,101.2,52,5.1
20.9,3,363.3,99.2,55,2.6
23.7,2.7,118.1,99,46,3.3
26.6,3.7,720,100,39,12.3
28.5,3.1,348,99.8,67,2.9
21.2,4.4,464.3,101.1,57,4.5
12.3,2.9,253,101.8,72,1.2
25.9,4,359.1,100.8,59,4.1
10,3.3,518.1,100.2,56,5.7
23,4.7,664,100.1,44,9.2
26.8,3,608.3,99.8,38,8.7
20.1,2.9,760.9,100.6,38,10.5
19.4,4.1,541.1,100.5,49,5.3
7,3.6,275.9,100.4,56,2.9
8.1,3.1,324.7,101.3,67,2
29.4,3.5,715.4,100.3,43,11
7.8,1,439.5,100.4,50,3.5
11,2.4,401.5,100.7,62,3.8
31.9,3.1,747.7,100.6,33,11.7
21.2,2.7,418.7,100.4,47,5.7
21.4,2.8,733.7,100,43,10.7
13.1,1.6,276.3,101,60,3.1
13.8,3,507.7,100.9,52,5.2
22.8,3.4,758.2,100.2,40,9
28.7,2.8,731.2,100.4,34,13.7
18,4.3,643,100,34,12.3
14.8,5.8,525.1,100.1,46,6.6
8.7,6.9,458.6,100.4,26,6.2
31.2,4,735.9,100.1,42,13.8
9.8,1.3,462.2,100.5,36,7.2
22.1,3.6,469.6,100.8,53,5
29.3,2.6,220.6,101,68,2
23.7,1.7,722.5,99.9,40,11.1
20.4,5.8,554.4,100.6,35,6.7
5.2,0.9,146,101.3,89,0.3
26.9,3.4,268.8,99.9,83,1.9
15.9,2.7,388,99.9,64,4
18.6,3.7,636.5,100.1,41,11.3
10.6,1.7,264.9,100.8,69,1.7
4.7,1.2,281.4,101.2,65,1.4
10.6,3.5,356,100.5,70,2.2
25.3,2.3,669,99.6,32,13.1
8.4,3.3,346.2,100.7,46,3.2
4.5,1.5,255.9,101,65,1.2
9.8,2.8,367.3,100.6,55,2.8
12.7,1.6,425.8,100.6,44,5.5
11,3.6,245,100.2,64,1.4
20.9,4.1,747.2,99.6,29,13.4
26.6,3.2,745.4,100.3,26,14.8
18.1,2.8,695,99.8,57,7.6
7.3,1.9,90.8,101.1,94,0.1
25.9,4.2,314.1,100,40,7
23.3,2.8,619.9,100.1,31,14
7.2,2.6,152.9,101.3,83,0.8
30.9,3.1,709.3,100.1,31,11.4
6.8,1,258.4,100.5,67,1.2
22.1,1.8,679.4,100.4,44,7.4
25.7,3.4,595.3,100.3,45,10.2
5.2,2.5,116.6,101.8,96,0.1
33,3,570.9,100.8,51,7.4
11.3,2.5,296.9,100.2,79,1.8
16,2.3,749.5,99.8,27,12.4
9.5,3.6,651.7,100.9,46,6.6
15.2,2,172.3,101.3,74,0.9
23.3,1.7,744.9,100.2,23,13.7
21.2,2.1,238.7,101.3,61,1.9
8.6,2.9,611.3,100.5,34,7
9.7,1.6,268,100.3,30,4.1
8.6,2.7,94,100.9,85,0.5
22.6,5.4,724.3,100.4,47,9.5
26.1,3.2,569.6,100.8,54,6.2
26.5,2.5,456.5,100.8,60,4.4
8.2,1.7,210,101.1,82,0.8
17.4,1.3,467.8,100.5,29,6.6
17.2,4.7,537.6,100.4,31,7.1
18.5,3.2,183.6,100.6,43,2.9
17.9,2.6,607.9,100.1,30,10.6
17.6,2.6,528.1,100,32,9.8
19.7,3,645.2,100,34,12.6
3.1,1.4,301.3,100.7,51,2.5
25,4.7,578.3,99.9,35,9.1
23,2.3,576,100.1,41,10.1
18.2,4.3,372.3,101,62,2.9
7.1,2.3,118.2,100.9,90,0.3
8.8,3.8,575.8,100.4,42,7.5
23.6,4.1,112.2,100.7,74,1.4
13.9,1.4,236.6,100.8,76,1.3
11.6,1.8,469.6,100.5,40,4.3
20.7,3.1,560.5,100.5,43,7.4
14.2,1.5,392,100.4,36,6.1
13.1,4.9,225.2,100.5,64,2.1
18.1,2.4,334.1,100.6,68,1.9
25.8,3.7,742.6,100.1,28,12.8
7,2.9,167.6,100.9,80,1.1
24.6,6.2,637.5,99.7,34,12.2
32.3,2.8,530.4,100.4,34,9.3
26.8,3.1,722.2,100.1,26,13.8
14,3.4,389.4,100.2,49,4.8
24,3.6,656.8,99.9,31,12
5.4,1.6,209.6,101.7,55,1.3
20.3,3.6,675.1,99.5,36,11.6
1.5,2.1,108.2,100.7,94,0.1
12.7,2.1,595.6,100.5,47,7.1
31.3,3.1,595.9,100.2,53,9.5
5.7,0.3,314.4,101.4,29,3.6
11.1,2.1,277.3,101.1,68,2
15.1,3,680.6,100.4,37,7.9
22.6,2.8,738,99.6,39,11.6
10.6,1.6,378.2,101.2,58,2.6
24.4,3.8,140.3,100.3,87,1.3
10.7,3.6,234,101.5,79,1
7.6,0.8,329.5,100.7,43,3.1
26.1,3.6,633.5,100.2,41,10.4
24.8,3,372.1,100.4,60,4.1
15.7,3.8,707.1,99.9,28,11.9
19.6,1.9,233.8,100.1,74,1.7
13,6.5,475.3,100.6,47,3.7
25.7,2.7,742.6,100.1,41,9.8
22.2,2.6,421.2,100.4,37,7
27.4,5.2,659.5,99.9,46,8.3
28.8,3.5,758.3,100.6,46,10.8
22.3,5.9,643.9,100,36,11.6
19.2,1.9,618.5,100.1,32,10.4
16.5,1.5,484.1,101.1,56,4.3
8.1,0.7,475.6,100.3,31,7.2
0.5,1.4,72.1,100.9,94,0.3
21.9,5.4,470.2,99.8,46,9
6.9,1.5,463.8,100.4,49,4.5
13.1,3.5,523.5,100.4,52,5.8
15.9,2.7,362.5,101.1,51,3.2
14.7,1.8,449.3,100.1,31,8.2
23.8,4,685,99.8,33,11.4
4.3,2.6,55.8,101.4,100,0
9.4,3.7,201.2,101,67,1.4
11.8,3,419.2,100.6,48,4.7
10,1.7,253.9,101.1,63,1.5
16.5,5.9,682.9,100.6,36,9
23.5,2.7,627.1,100.2,39,9.9
17,2.2,635.5,100.7,26,9.3
31.3,3.6,400.7,100.4,58,5.4
24,5,773.9,99.9,38,12.4
27.8,3.4,751.1,99.8,31,14
8.9,1.2,149.9,100.3,73,1.1
20.2,3,101.7,100.6,76,1.4
2.4,2.2,300.3,100.7,60,2.3
27.8,3.1,744.4,100.3,30,13.7
26,3.6,197.2,100.5,67,2.3
22.5,3.8,651.8,100.2,40,10.2
12.5,2.4,124.8,100.3,88,0.3
6.5,1.8,405.3,100.8,48,3.7
29,3.9,570.7,101.2,61,5.6
17.9,3.5,656.8,99.8,29,11.5
27.4,3.1,739.7,100.4,40,12.2
27.8,3.2,721,100.1,41,10.8
19.3,4.4,484.1,100.1,39,6.8
23.2,2.5,523.4,100,23,11.7
7,2.3,207.1,102,69,0.9
31.9,3.5,776.3,99.7,37,12.4
10.1,4.2,315.1,101.2,60,2.2
19.7,5.3,392.2,100.7,70,2.9
28.9,4.2,722,100.2,34,13.6
12.3,1.7,230.7,100.2,76,1.9
14.1,1.4,683.6,99.9,36,10.6
24.3,1.7,51,101.1,85,0.5
23.6,5.1,293.8,99.8,76,2.9
29.6,3.2,701.5,100,32,13.2
6.5,1.7,349,101,45,2.9
10.2,3.7,427.6,100.2,47,5.3
20.1,1.9,162.3,100.1,70,2.4
23.5,2.5,534.3,100,36,8.9
24.1,3.4,584.3,100.5,33,10.7
17.9,1.4,579.4,100.5,49,7.5
9,2.1,486.4,100.1,32,7.5
27.4,5.2,108.5,100.4,67,1.9
6.6,2.1,294.8,101,65,2.1
6.5,1.5,327.8,100.8,58,2.8
26.5,2.9,637.4,100.4,46,8.5
11,3.8,508.8,100.7,54,4.6
20.3,3.4,90.9,100.6,82,0.8
2,2.4,265.9,101.3,59,1.7
17.9,6.2,203.1,100.2,72,1.6
17.4,1.1,556.6,99.3,30,11.1
30.9,3.5,769,100,38,13.1
21.5,5.6,517.2,100,44,5
13.3,1.7,337.8,100.3,43,4.7
25.8,4.8,217.4,100.6,68,1.4
27.3,3,526.9,100.2,57,5.8
7.9,1.5,302.1,100.6,66,1.9
6.9,1.1,111.3,101.3,96,0.1
34.9,3.6,372.1,100.3,38,6
28.4,3.8,529.1,100,88,3.6
30.8,3.2,722.6,100.7,38,12
19.8,1.8,551.6,100.4,27,7
16,3.8,362.9,101.3,59,2.8
23.5,4.3,647.5,100.1,37,11.6
30,3.8,659.8,100.2,47,10.7
25.2,5.1,718.8,100,34,11.7
24.7,3.4,711.4,100.3,25,15.2
9.4,2.4,415.8,100.3,52,4.6
21.5,2.1,160.2,100.5,70,2.8
8.6,1.4,112.3,101.5,97,0.1
27.6,4,736.4,99.7,24,13.2
23.9,3.9,595.3,99.5,58,5.2
3,1.4,275.8,100.6,55,1.8
25.5,3.9,189.2,100.8,68,2.2
26.6,2.2,80.4,99.5,27,12.5
24.2,3.8,495.4,99.7,41,7
21.5,3.8,684.2,100.4,31,13.4
30.6,3.4,762.8,100,47,12.5
16.7,5.5,352.5,99.7,61,2.5
27.4,2.6,744.2,100.2,35,11.5
17.6,4,509.5,100.5,37,7.2
12.8,1.3,130.8,101.8,75,0.9
5.5,2.3,202.2,100.9,64,1.9
18.5,4.6,641.5,100.3,31,9.4
3.8,1.6,327.9,101.4,58,1.5
27.7,3.6,732.5,100.2,26,14.8
22.9,5,694,100.2,38,12
10.7,4.3,253.1,100.8,69,1.6
19.8,2.5,471.2,100.2,50,6.7
25.7,1.7,742.3,100.1,39,12.8
13.9,1.5,128.4,101,82,0.8
10.5,4.1,256.2,101.5,56,1.7
13,6.3,206.9,101.3,74,1.1
12.4,7.9,582.6,100.3,34,7.8
19.7,2,657,100.3,39,8.8
13.9,2.1,638.5,99.5,30,10.8
11,1.1,379.7,101.3,39,3.6
9.7,3,137.6,101.3,92,0.4
20.4,2.1,469.9,100.4,28,9
32,2.8,649.2,100,42,11.2
20,1.3,97.2,100.2,94,0.5
7,2,169.7,101.4,74,0.9
10.3,0.7,568,100.2,38,7.4
-0.5,1.3,197.3,101.5,81,0.6
13.3,2.7,183.2,101.4,75,1.4
13.2,1.6,562.5,100.1,49,5.7
20.2,3.5,576.8,100,29,10
16.2,4.2,738.4,100.2,40,10.2
24.3,3.5,87.4,100.2,79,0.9
9.3,2,323.3,101.1,59,2.3
14.8,2.7,121.2,100.9,86,0.6
25.9,2,684.2,100.3,44,8.7
9.4,2.3,405.8,100.8,56,3.2
25.9,3.2,738.9,100.4,46,10.2
26,3.1,682.1,99.7,48,8.5
15.1,1.7,504,100.7,45,5.6
28.3,3.8,686.4,100.2,28,13.7
10.9,1.9,357.1,100.8,63,2.8
8.3,1.1,236.8,100.9,62,1.3
16.6,5,334.8,100.4,57,3.9
23.6,2.7,113.4,101.2,82,1.2
22,4.9,707.6,100,32,12.7
10,0.3,361.7,101,55,2.8
9.4,0.3,309.9,100.7,63,2.7
22.9,4.7,496.3,100,34,10.4
22.5,2.2,686.9,100,40,11.6
28.2,5.4,761,100.2,37,13.6
5.5,1.9,237.4,101.3,60,1.4
0.9,3,35.1,101.5,97,0.1
19.3,4.2,176.2,100.6,63,2.4
8.9,1.4,163.5,100.3,72,0.9
18.9,1.8,675,99.5,36,12.5
25.7,4.4,751.7,99.9,46,11.3
29.4,3.3,95.4,100.4,92,0.6
20.2,2.5,647.9,100.2,36,10.8
28.5,4.8,716.9,100.3,38,9
28.8,2.4,718.9,100.3,46,11.3
6.6,1,269.1,100.9,36,3.3
32.7,4.1,565.3,100.2,35,8.7
15.3,1.9,371.4,101,67,3.3
21.3,3.9,698.8,99.6,30,13.5
28.8,3.5,284.4,100.3,61,4.5
5.1,2.8,246.3,101.6,55,1
12.1,1.7,249.2,101.3,45,1.7
10.8,3.3,250.9,101.4,67,1.2
8.9,2.7,548.1,100.5,30,7.4
5.3,2.9,325.3,101,67,2.5
24.4,5.1,733.9,100.2,33,13.6
24.2,3.6,573.8,100.4,51,7.3
14.2,2.7,415.2,100.1,43,5.5
16.6,2.6,649.6,100.7,54,6.2
11.1,2.3,766.1,100.3,36,10.9
16.3,1.7,716.9,99.9,25,10.7
14.8,0.9,138.3,101,84,0.7
24.7,7.1,728.5,100.4,37,10.5
22.4,2.6,711,100.7,45,7.8
5.6,2.3,149.6,101.8,92,0.4
22.1,3.3,115.7,100.6,86,0.8
4.7,2.8,345.5,101.2,30,3.6
24.7,3.2,538.3,101,44,6.6
27.3,2.3,365.9,100.4,54,3.3
25.6,5.3,667.8,99.8,35,12.5
26,2.1,137.9,100.2,60,2.3
29.4,3.8,738.1,100,40,11.8
15.2,3.6,540.6,100.3,32,8.7
7.8,0.5,181.8,101.1,77,0.9
10.6,1.7,279,101.2,54,1.7
21.8,3.6,140.2,100.2,86,1.6
30.8,3.1,638,100.7,34,10.9
8,2.2,137.2,101,81,0.8
12.3,2.9,188.6,101.5,88,0.5
22.5,3.5,662.7,100,36,10
4.5,2.7,221.2,101.4,61,1.2
14.2,1.7,556.3,100,37,7.8
8.5,1.9,373.6,99.9,39,5.1
19.7,2.8,479.6,100.9,45,6.7
29.8,3.7,357.6,99.9,64,4.2
20.8,2.5,691.1,100,31,13.3
5.9,0.9,430.6,100.3,27,5.7
7.3,1.5,289.3,101.5,62,1.5
27.3,3.3,239.6,100.7,55,4.7
18,3.2,541.9,100.6,56,5.3
21.4,4.1,626.9,99.6,34,10.7
1.8,2.8,59.3,100.1,90,0.2
19.7,2.7,281.9,100.6,71,2.5
31.8,3.4,750.6,100.2,38,12.3
1.8,0.6,234.4,101.4,55,1.4
16.2,1.1,273,100.2,63,2.7
7.7,1.2,362.1,101.4,60,2.7
22,1.6,124.5,100.3,78,1
21.7,2.8,499.1,100.9,48,6.6
5.8,1.4,229.5,100.1,60,1.3
24,4.3,674.4,99.9,33,12
20.6,3.4,713.6,99.9,52,7.8
8,2.1,489.7,100.3,33,7.2
21.1,1.6,705.7,100.1,35,13.1
8.5,3.7,229.6,101.2,63,1.3
19.3,3.9,478.9,100.2,32,8.3
19.8,3.2,706.4,99.8,36,11.9
24.6,4.8,627,100.4,56,7.1
23.2,2.9,640.8,100,28,13.4
10.1,1.4,754.2,99.8,29,11.6
6.8,3.1,265.6,100.6,65,1.9
24.5,3.9,695.6,99.7,25,14.2
22.6,3.9,334.4,100.3,69,3
24.2,3.9,725.5,100,37,11.8
13.9,0.7,491.1,100.6,41,6.8
30.6,3.1,704.2,100.1,34,15.3
29.1,3.4,762.7,100.5,48,9.1
26.9,4.3,153.3,100.8,78,1.3
24.8,2.7,754.4,100.3,21,14.2
13.1,3.4,325.7,100.4,53,4
8.6,1.4,243.6,100.8,56,1.2
5.3,3.2,339.2,100.5,51,3.2
32.4,3.7,625.3,100.5,44,9.4
11.8,4.3,189.3,101.3,83,0.8
24.5,2.5,523.4,100.4,59,5.5
20,4.8,504,99.9,42,8
33.1,2.8,126.4,98.8,80,1.8
28.1,3.1,292.8,100.5,71,2.9
8.9,2.6,285.7,101.1,53,2.7
28.4,3.1,635.6,100.1,31,13.3
16.9,2.1,683.8,99.9,34,11.2
22.5,3,674.9,100.1,35,12.5
18.7,2.3,263.6,100.6,65,1.7
18.8,2.6,170,100.4,63,2.7
7.4,3.3,711.8,99.9,31,8.2
30.7,3,688.6,100.5,40,9.9
9.4,1.4,323.8,100.8,56,2.6
5.8,2.8,152.7,101,87,0.6
10.1,1.9,241.4,100.3,71,1.7
10.6,3.2,428.1,100.2,30,5.8
5.2,2,416.4,100.3,42,4.8
16.5,6.3,726.2,99.8,31,12.8
10.5,1.6,227.8,100.7,73,0.9
19.3,3,399,100.2,38,6.5
14,2.4,456.1,99.8,35,7.1
11.9,3.8,121.6,101.7,88,0.5
19.4,3.5,512.5,101,75,3.7
17.6,7,507.6,99.6,35,10.1
16.1,4.7,559.2,99.8,43,7.9
9.7,2.3,502.4,101.2,37,4.4
3.4,2.9,222,101.2,54,1.4
9.9,2.6,375.4,100.2,44,4.8
21.3,3.4,58.1,99.9,25,12.7
24.9,2.2,114.1,100.3,76,2
17.4,3.9,707.1,99.8,30,13.3
23.5,5.4,687.4,100.2,29,12.6
26.1,3.2,749.1,99.8,38,12.8
20.9,2.8,127.9,101.3,49,1.9
24.8,2.8,572.4,100.4,33,10.7
7.2,0.9,325.5,101.3,72,1.8
22.2,4.2,709,100.3,42,9.5
14,6.5,415.6,100.4,40,5.9
7,2.2,480.6,100.2,33,7.2
27.1,2.6,701.2,100.1,36,13.7
11.7,5.6,462.2,101.1,39,3.8
16.9,3.7,693.8,99.6,24,12.8
9.5,1.7,348.3,101,47,3.1
4.1,1.5,255.6,101.5,71,1.1
26.2,2.1,111.5,100.6,77,1.3
7.4,1.2,354.1,100.7,49,2.9
3.1,1.4,198.2,100.8,78,0.7
28.9,4.1,124.2,100.4,70,2.6
12.3,1.5,277.7,100.7,65,2.2
19.1,1.8,163.1,100.7,81,0.9
24.7,4.5,684.5,100,40,11.2
31.9,2.8,258,100.4,79,3.4
7.1,0.9,407.5,100.6,44,4.9
22.7,4,543.9,100,41,11.7
22,1.8,631.9,100.1,40,10.6
28.1,3.6,701.9,100.5,34,11
26.3,2.8,643.4,100.1,50,8.7
6.2,1.6,186.8,101.2,93,0.4
19,1,265,100.5,71,2.1
33.8,3.5,420.6,99.4,89,3.1
23.1,2.3,381.9,100.6,54,3.7
12.5,3.3,473.5,100.2,42,5.6
12.8,1.8,196.6,101.3,53,1.6
11.2,3.8,384.8,100.2,41,5.2
19.6,3.7,628.6,100.2,35,11.8
11.3,1.4,242.5,100.8,72,1.2
0.9,3.3,158.1,101.4,81,0.5
3.5,1.1,328.2,100.8,53,3
22.5,2.5,726.1,100.4,43,10
31.5,2.8,358.4,98.9,45,3.8
-1.5,3.9,94.7,101.2,76,0.6
24.9,3.8,158.1,100.8,58,2
33.4,2.9,758.4,100.8,40,11.7
26.8,3.1,667.8,99.9,39,11.2
25,2.9,129,99.9,81,1.2
29.5,3,762.9,100.3,44,12.1
17.3,2.8,640,100.2,39,9.3
18.9,5.1,747.8,99.6,31,13.4
22.2,2.6,126.1,100.9,79,1.2
16.4,4.5,462.9,100.2,33,6.7
21,3,444.4,100.1,51,7.5
20.8,4.2,255.2,100.7,78,1.4
23.2,3.4,431.4,100.4,55,6
25,2.4,724,100.1,26,13.6
16.2,2.8,482.3,100.8,38,7.9
17.9,3.1,500.3,100.1,61,4.3
3.4,2.3,72.4,100.9,99,0
8.9,2.4,290.5,101.1,62,1.6
20.8,2.5,570.5,100.2,32,11.2
12.9,2.2,598.1,99.9,40,8.1
6,1.9,217.6,101.5,66,1.1
17.6,2.7,69.7,100.2,68,1.7
20.2,5.2,564.5,100,32,11.5
20.3,3.4,569.7,99.7,31,11.7
24.3,1.9,679.3,100.1,36,12.3
23.8,2.7,629.7,99.9,50,8.6
12.9,1.9,421.3,100.4,44,5.8
3.8,1.8,233.4,101,75,0.9
7.4,2.4,461.5,100.3,37,6.5
27.6,2.8,519.2,100.1,48,6.1
25.4,3.4,356.6,100.4,61,2.7
32.6,3.4,527.2,100.2,53,7.4
20,3.4,419.9,100.5,56,3.7
21.9,2.3,665,100.1,36,9.9
13.2,3.1,266.4,101.3,46,2.3
25.5,2.9,715.9,100.2,44,10.2
33.7,3.6,749.4,100.3,45,13.9
21.8,4,343.9,100.1,65,2.5
9.7,2.5,330.2,101.1,62,2.4
12.3,1.5,434.4,100.5,63,3.9
28.5,3.6,716.9,99.5,32,12.6
27.7,3.6,492.6,100.8,46,4.7
19,1.7,718.7,99.9,34,10.5
24.4,2.7,273.6,100.6,86,1.9
30,2.9,679.2,100.7,47,9.6
17.8,1.6,545.5,100.5,37,6.4
19.7,1.3,549.6,100.2,56,5.9
24.8,2.3,709,100.1,35,13
4.8,1.8,420.5,100.2,35,5
12.4,1.1,87.4,100.2,94,0.2
32.5,3.2,621,100.4,41,12.1
26.3,5,724.8,100.1,40,10.9
32.9,3.1,480.5,101.4,44,6.8
11.9,2.4,487.5,101.3,53,3.2
8.5,4.3,326.5,100.2,62,1.6
24.7,3.8,438.8,100.1,54,3.5
20.9,2.2,651.6,100.4,40,7.7
15.4,3.2,610.7,100,28,10.4
20.3,4.1,557.2,100,30,11.2
6.4,1.9,198.4,101.5,75,0.9
14.5,6.4,248.2,100.4,64,2.2
6.5,1.7,297.2,101,57,2.2
27.5,3.4,510.9,100.5,75,3.7
13.3,1.7,702.7,99.9,35,10.9
8.4,1.8,541.5,101.1,49,5.3
23.3,2.3,272,100.7,73,2.3
6.9,2.1,339.8,101.5,63,1.9
5.7,1.4,214.4,100.3,48,2.6
4.5,2.3,318.7,101.2,29,3.5
8.3,1.7,228.1,100.6,73,1.4
25,3.6,340.8,100.3,73,2.4
